32769	32769
2338	wDm_AirF_00
2343	wDm_AirL_00
2345	wDm_AirR_00
2341	wDm_AirB_00
32771	32771
315	Co_UkemR0D
311	Co_UkemL0D
333	Co_UkerB00
32787	32787
335	Co_newUkCD
32772	32772
319	Co_DUkmL0D
324	Co_DUkmR0D
330	Co_DUkmB00
329	Co_DUkmF00
331	Co_DUkmQ00
32776	32776
363	dDm_death00D
2347	wDm_AirF_WB
2350	wDm_AirR_WB
2349	wDm_AirL_WB
2348	wDm_AirB_WB
32780	32780
343	Co_DUkmB00ttk
32778	32778
339	Co_AOkoutk7u
345	Co_DUkmB00ttkb
32777	32777
29	Fall_sKAMcrh
32770	32770
32	sDm_Fall_sohekAO
33	sDm_Fall_sohekUT
32775	32775
37	sDm_BalconySohek
38	FallBalBoundF
40	sDm_BalconySohekB
41	FallBalBoundB
43	Co_ChgInStdBal01
32815	32815
44	Co_ChgInStdBalSolo
45	Co_ChgInJmpBalS
553	___________
1531	Co_jplk01F
0	motOrigin
314	Co_UkerL0DE
1655	Va_st00
1671	Va_t_srkF
1622	Va_lp00B
1609	Va_doubleSP
1501	Va_mongo00
584	G_Dummy_30
1705	Va_awKAM_st
808	dw_Iraribxk
1621	Va_tackle
1633	Va_WK00B
1618	Va_ovHead00
881	Co_Dummy_57
1318	Co_Dummy_494
1352	Co_Dummy_528
1455	sWALK_00B
1240	Co_Dummy_416
47	sRUN__01F
50	Co_runchop
52	Co_runrk00
208	Co_fumuB00
1696	Co_runtac00
48	sRUN__02F
205	Co_runspB00
49	sRUN__03F
1504	Va_Hammer
32774	32774
660	Co_IHummer
661	Co_INaginata
662	Co_IBeamSpear
663	Co_IHude_P
664	Co_ISRed_P
665	Co_ISGreen_P
666	Co_ISBlue_P
667	Co_IKugibat
668	Co_IPac_Man
669	Co_IHomeRun
670	Co_IPikoHan
671	Co_IUchide
672	Co_IHarisen
673	Co_IHukuHari
674	Co_IOgre
675	Co_IKatuo
676	Co_INunchaku
683	Co_IHandGun
690	Co_IModelGun_P
697	Co_IRevolver
698	Co_IShotgun
699	Co_IShotgun_P
700	Co_IRaygun
701	Co_ISyuriken
703	Co_IGrenade
706	Co_IMedical_P
708	Co_IBalloon
748	Co_IFishGun
709	Co_IJSword
712	Co_IESword
713	Co_IBeamSaber
714	Co_IBRed_P
715	Co_IBGreen_P
716	Co_IBBlue_P
717	Co_ICSword
718	Co_IStunRod
719	Co_ISoftCream
720	Co_IChocoVanilla
721	Co_I3xIceCream
722	Co_ITonfur
728	Co_IMagicWand
729	Co_IAssaultRifle
730	Co_ITrombone
731	Co_IBeamRifle
732	Co_ICatGun_P
733	Co_ICupid
734	Co_IBouquet
735	Co_IMagical
736	Co_INae
702	Co_IThrowKnife
738	Co_IConductor
741	Co_IGlove
654	Wi_IFire
1583	Co_R_lk00L
1642	Co_R_clk00L
1515	Co_jpRlp00F
1516	Co_jpRlp00B
1514	Co_jpRlp00
1518	sJUMPrrp03F
1519	sJUMPrrp03B
1517	sJUMPr00H
1528	Co_jpRlk00F
1529	Co_jpRlk00B
1527	Co_jpRlk00
1555	Co_jpRrk00F
1556	Co_jpRrk00B
1554	Co_jpRrk00
1558	Va_jplrk00F
1559	Va_jplrk00B
1498	Co_jplp00
1557	Va_jplrk00
1499	Co_jplp00F
1525	Va_jplk00F
1540	Va_jprk00F
1500	Co_jplp00B
1526	Va_jplk00B
1541	Va_jprk00B
1505	Co_jplp01
1508	Co_jplp02
1511	Co_jplp03
216	Co_sJP_RP
1520	Co_jprp03
1524	Va_jplk00
1530	Co_jplk01
1533	Co_jplk02
1536	Co_jplk04
1539	Va_jprk00
1545	Co_jprk01
1548	Co_jprk02
1551	Co_jprk04
1373	Co_Dummy_549
1412	Co_Dummy_588
1431	Co_Dummy_607
1394	Co_Dummy_570
1506	Co_jplp01F
1509	Co_jplp02F
1512	Co_jplp03F
1521	Co_jprp03F
1534	Co_jplk02F
1537	Co_jplk04F
1546	Co_jprk01F
1549	Co_jprk02F
1552	Co_jprk04F
2328	sTRN_L00B
2329	sTRN_R00B
2326	sTRN_L00F
2327	sTRN_R00F
1480	st2cr_00_Rv
1474	sJUMP_00_SF
1426	Co_Dummy_602
1507	Co_jplp01B
1510	Co_jplp02B
1513	Co_jplp03B
1522	Co_jprp03B
1532	Co_jplk01B
1535	Co_jplk02B
1538	Co_jplk04B
1547	Co_jprk01B
1550	Co_jprk02B
1553	Co_jprk04B
56	sJUMP_00B
67	dwDWN_10U
68	dwDWN_20U
150	Kg_Item2
74	dwMOV_L0R
76	dwMOV_R0R
93	cOKI_L0
97	cOKI_R0
91	cOKI_C00
179	Pl_Rol_lrk
161	Co_AokilkL0
162	Co_AokirkL0
153	Va_Dwn_rk00
118	Co_AOkouKiC
119	Co_AOkouKiD
102	Co_AOzenKiC
103	Co_AOzenKiD
159	Co_Aokilk00
160	Co_Aokirk00
144	Co_AOzentk7
117	Co_AOkou
89	cOKI_00
101	Co_AOzen
142	Co_AOkoutk7
73	dwKAM_FFU
75	dwMOV_L1R
83	dwDWN_01DE
77	dwMOV_R1R
87	dwMOVrR0R
85	dwMOVrL0R
1734	Va_dw00D_rp
1737	Va_dw00D_hd
180	Co_Uokilk00
182	Co_Uokirk00
184	Co_UokilkR0
190	Co_UokirkR0
135	Co_UTokiB
147	Co_UTzentk7
134	Co_UTokiF
146	Co_UTkouTK7
133	Co_UToki
84	dwKAM_FFD
86	dwMOVrL1R
72	dwDWN_01UE
88	dwMOVrR1R
90	sOKI_00
163	Co_ADwSlk00
164	Co_ADwSrk00
92	sOKI_C00
165	Co_ADwSlkR0
167	Co_ADwSrkR0
166	Co_ADwSlkR1
168	Co_ADwSrkR1
95	sOKI_L0
96	sOKI_L1
94	cOKI_L1
99	sOKI_R0
100	sOKI_R1
98	cOKI_R1
177	Co_Fcross
169	Co_FRollk00
170	Co_FRolrk00
108	Co_zenCrL0
110	Co_zenCrR0
107	Co_zenCr00
105	Co_UTzenKiC
106	Co_UTzenKiD
1694	Va_s_tlk00
1695	Va_s_trk00
1640	Co_syalk00
1641	Co_syark00
112	Co_zenSt00
171	Co_FRollkL0
172	Co_FRolrkL0
113	Co_zenStL0
109	Co_zenCrL1
115	Co_zenStR0
111	Co_zenCrR1
114	Co_zenStL1
116	Co_zenStR1
178	Co_Bcross
173	Co_BRollk00
174	Co_BRolrk00
125	Co_kouCrL0
127	Co_kouCrR0
123	Co_kouCr00
121	Co_UTkouKiC
122	Co_UTkouKiD
124	Co_kouSt00
175	Co_BRollkL0
176	Co_BRolrkL0
1643	Co_R_crk00R
1584	Co_R_rk00R
129	Co_kouStL0
126	Co_kouCrL1
131	Co_kouStR0
128	Co_kouCrR1
130	Co_kouStL1
132	Co_kouStR1
181	Co_Uokilk01
183	Co_Uokirk01
185	Co_UokilkR1
191	Co_UokirkR1
138	Co_UokiCrL0
136	Co_UTokiCr_
104	Co_UTzen
120	Co_UTkou
137	Co_UTokiSt_
140	Co_UokiStL0
141	Co_UokiStL1
139	Co_UokiCrL1
143	Co_AOkoutk7_s
32784	32784
32785	32785
32783	32783
145	Co_AOzentk7_s
149	Wg_item_OKIlp
151	Kg_Item2Lp
152	Kg_Item2E
154	Co_AOkou_tk7
207	Co_runsp_01
211	Co_fumi_G
209	Co_fumu_01
210	Co_fumu_02
743	Co_IAngelU
148	Wg_item_OKI
744	Co_IAngelD
228	Ni_sabaDS2n
229	Ni_sabaDS2y
2340	wDm_AirF_Up
2353	wDm_GndF_Up
2351	wDm_GndF_00
2355	wDm_GndB_00
2359	wDm_GndR_00
2357	wDm_GndL_00
260	sDm_PNGB_PON2
259	sDm_PNGB_PON3
258	sDm_PNGB_PON
332	Co_UkerBmh
275	sDm_KAKCcaE
281	sDm_PNG02Cr
301	dw_has_RA_ELZ
302	dw_has_RA_LNG
303	dw_hara_elz
304	dw_has_RA
305	sDm_RBdow_Ann
306	dm_hara_RA
308	sDm_LBdow_RA
309	sDm_RBdow_RA
310	dm_YOS_RA
313	Co_UkerL0D
312	Co_UkemL0DE
317	Co_UkerR0D
316	Co_UkemR0DE
318	Co_UkerR0DE
321	Co_DUkrL0D
320	Co_DUkmL0DE
322	Co_DUkrL0DA
323	Co_DUkrL0DE
326	Co_DUkrR0D
325	Co_DUkmR0DE
327	Co_DUkrR0DA
328	Co_DUkrR0DE
342	Co_UTzentk7u
341	Co_UTkouTK7u
334	Co_UkerB01
336	Co_newUkCDE
337	Co_newUkCD2
340	Co_AOzentk7u
344	Co_UTkouTK7ttk
346	Co_AozenTK7ttk
348	Co_PtnUkeRE
350	Co_PtnUkeLE
746	Co_IAngelS_B
747	Co_IAngelS_C
362	dDm_death00E
745	Co_IAngelS
356	fatal00_7CS
357	fatal01_7CS
358	Mx_asyurab_fatal_7CS
365	dDm_death00DE
367	vra_1p_m1_02
368	vra_1p_m1_03
369	vra_1p_m1_04
393	vra_1p_90_pl
390	vra_1p_90_lw
386	vra_1p_90_kg
396	vra_1p_90_ym
381	vra_1p_90_hw
379	vra_1p_90_fu
384	vra_1p_90_jz
374	vra_1p_90_bx
380	vra_1p_90_he
387	vra_1p_90_kz
373	vra_1p_90_bo
383	vra_1p_90_jc
372	vra_1p_90_as
378	vra_1p_90_dj
394	vra_1p_90_ta
391	vra_1p_90_mn
375	vra_1p_90_cs
395	vra_1p_90_un
388	vra_1p_90_la
370	vra_1p_90_aa
382	vra_1p_90_it
389	vra_1p_90_ln
377	vra_1p_90_dc
371	vra_1p_90_ab
392	vra_1p_90_mu
376	vra_1p_90_cz
385	vra_1p_90_ka
397	vra_1p_90_ni
398	vra_1p_90_fr
399	vra_1p_90_fa
400	vra_1p_90_mx
401	vra_1p_90_vp
402	vra_1p_90_cp
403	vra_1p_90_le
404	vra_1p_90_km
405	vra_1p_90_pn
406	vra_1p_90_ma
407	vra_1p_90_my
408	vra_1p_90_mz
409	vra_1p_90_an
410	vra_1p_90_re
411	vra_1p_90_va
412	vra_1p_90_ak
413	vra_1p_90_jl
414	vra_1p_90_na
415	vra_1p_90_qt
416	vra_1p_90_sm
417	vra_1p_90_nb
418	vra_1p_90_nc
420	vra_2p_m1_02
421	vra_2p_m1_03
422	vra_2p_m1_04
446	vra_2p_90_pl
443	vra_2p_90_lw
439	vra_2p_90_kg
449	vra_2p_90_ym
434	vra_2p_90_hw
432	vra_2p_90_fu
437	vra_2p_90_jz
427	vra_2p_90_bx
433	vra_2p_90_he
440	vra_2p_90_kz
426	vra_2p_90_bo
436	vra_2p_90_jc
425	vra_2p_90_as
431	vra_2p_90_dj
447	vra_2p_90_ta
444	vra_2p_90_mn
428	vra_2p_90_cs
448	vra_2p_90_un
441	vra_2p_90_la
423	vra_2p_90_aa
435	vra_2p_90_it
442	vra_2p_90_ln
430	vra_2p_90_dc
424	vra_2p_90_ab
445	vra_2p_90_mu
429	vra_2p_90_cz
438	vra_2p_90_ka
450	vra_2p_90_ni
451	vra_2p_90_fr
452	vra_2p_90_fa
453	vra_2p_90_mx
454	vra_2p_90_vp
455	vra_2p_90_cp
456	vra_2p_90_le
457	vra_2p_90_km
458	vra_2p_90_pn
459	vra_2p_90_ma
460	vra_2p_90_my
461	vra_2p_90_mz
462	vra_2p_90_an
463	vra_2p_90_re
464	vra_2p_90_va
465	vra_2p_90_ak
466	vra_2p_90_jl
467	vra_2p_90_na
468	vra_2p_90_qt
469	vra_2p_90_sm
470	vra_2p_90_nb
471	vra_2p_90_nc
473	Male_Cnt_M1E
475	Male_Cnt_S1E
477	Male_Cnt_S4E
479	Co_TimeCnt_1E
53	sJUMP_00_
481	Co_wDASH_rk00
552	FACE_BLOW
489	SE_KIAI_1
488	SE_KIAI_0
490	SE_KIAI_2
491	SE_KIAI_3
492	SE_KIAI_4
493	SE_KIAI_5
494	SE_KIAI_6
495	SE_KIAI_7
496	SE_KIAI_8
497	SE_KIAI_9
498	SE_KIAI_10
499	SE_KIAI_11
500	SE_KIAI_12
501	SE_KIAI_13
502	SE_KIAI_14
503	SE_KIAI_15
504	SE_KIAI_16
505	SE_KIAI_17
506	SE_KIAI_18
507	SE_KIAI_19
508	SE_KIAI_20
509	SE_KIAI_21
510	SE_KIAI_22
511	SE_KIAI_23
512	SE_KIAI_24
513	SE_KIAI_25
514	SE_KIAI_26
515	SE_KIAI_27
516	SE_KIAI_28
517	SE_KIAI_29
518	SE_KIAI_30
519	SE_KIAI_31
520	SE_KIAI_32
521	SE_YARARE_0
522	SE_YARARE_1
523	SE_YARARE_2
524	SE_YARARE_3
525	SE_YARARE_4
526	SE_YARARE_5
527	SE_YARARE_6
528	SE_YARARE_7
529	SE_YARARE_8
530	SE_YARARE_9
531	SE_YARARE_10
532	SE_DEAD_0
533	SE_DEAD_1
534	FACE_KAMAE
535	FACE_WINK
536	FACE_DAMAGE
537	FACE_OUT
538	FACE_ATTACK
539	FACE_SURPRISE
540	FACE_THROWN
541	FACE_THROWN_D
542	FACE_GUARD
543	FACE_DELIGHT
544	FACE_ANGER
545	FACE_SORROW
546	FACE_PLEASURE
547	FACE_SMILE
548	FACE_SNEER
549	FACE_HOPELESS
550	FACE_ANGER2
551	FACE_SURPRISE2
655	Male_CST2
656	Female_CST2
657	Heavy_CST2
658	Dvj_CST2
555	G_Dummy_1
556	G_Dummy_2
557	G_Dummy_3
558	G_Dummy_4
559	G_Dummy_5
560	G_Dummy_6
561	G_Dummy_7
562	G_Dummy_8
563	G_Dummy_9
564	G_Dummy_10
565	G_Dummy_11
566	G_Dummy_12
567	G_Dummy_13
568	G_Dummy_14
569	G_Dummy_15
570	G_Dummy_16
571	G_Dummy_17
572	G_Dummy_18
573	G_Dummy_19
574	G_Dummy_20
575	G_Dummy_21
576	G_Dummy_22
577	G_Dummy_23
578	G_Dummy_24
579	G_Dummy_25
580	G_Dummy_26
581	G_Dummy_27
582	G_Dummy_28
583	G_Dummy_29
585	G_Dummy_31
586	G_Dummy_32
587	G_Dummy_33
588	G_Dummy_34
589	G_Dummy_35
590	G_Dummy_36
591	G_Dummy_37
592	G_Dummy_38
593	G_Dummy_39
594	G_Dummy_40
595	G_Dummy_41
596	G_Dummy_42
597	G_Dummy_43
598	G_Dummy_44
599	G_Dummy_45
600	G_Dummy_46
601	G_Dummy_47
602	G_Dummy_48
603	G_Dummy_49
604	G_Dummy_50
605	G_Dummy_51
606	G_Dummy_52
607	G_Dummy_53
608	G_Dummy_54
609	G_Dummy_55
610	G_Dummy_56
611	G_Dummy_57
612	G_Dummy_58
613	G_Dummy_59
614	G_Dummy_60
615	G_Dummy_61
616	G_Dummy_62
617	G_Dummy_63
618	G_Dummy_64
619	G_Dummy_65
620	G_Dummy_66
621	G_Dummy_67
622	G_Dummy_68
623	G_Dummy_69
624	G_Dummy_70
625	G_Dummy_71
626	G_Dummy_72
627	G_Dummy_73
628	G_Dummy_74
629	G_Dummy_75
630	G_Dummy_76
631	G_Dummy_77
632	G_Dummy_78
633	G_Dummy_79
634	G_Dummy_80
635	G_Dummy_81
636	G_Dummy_82
637	G_Dummy_83
638	G_Dummy_84
639	G_Dummy_85
640	G_Dummy_86
641	G_Dummy_87
642	G_Dummy_88
643	G_Dummy_89
644	G_Dummy_90
645	G_Dummy_91
646	G_Dummy_92
647	G_Dummy_93
648	G_Dummy_94
649	G_Dummy_95
351	fatal00
652	Co_ChgInJmp2_7CS
2305	Va_KAM
677	Co_INunchaku_2
678	Co_INunchaku_3
679	Co_INunchaku_4
680	Co_INunchaku_5
681	Co_INunchaku_6
682	Co_INunchaku_7
684	Co_IHandGun_Fire
685	Co_IHandGun_Fire2
689	Co_IHandGun_End
686	Co_IHandGun_Fire3
687	Co_IHandGun_Fire4
688	Co_IHandGun_Fire5
691	Co_IModelGun_P_Fire
692	Co_IModelGun_P_Fire2
696	Co_IModelGun_P_End
693	Co_IModelGun_P_Fire3
694	Co_IModelGun_P_Fire4
695	Co_IModelGun_P_Fire5
705	Co_IGrenade_E
707	Co_IMedical_P_E
710	Co_IJSword2
711	Co_IJSword2E
723	Co_ITonfur1_2
724	Co_ITonfur1_3
725	Co_ITonfur2
726	Co_ITonfur2_2
727	Co_ITonfur2_3
737	Co_INaeSIT
740	Co_IConductorD
739	Co_IConductorU
742	Co_IGlove_CN
2022	Va_LSide_n
2024	Va_RSide_n
2026	Va_BLnage_n
753	Co_IFLnage00SMALL_n
752	Co_IFLnage00_n
760	Co_IFLnage11SMALL_n
759	Co_IFLnage11_n
757	Esc_Co_IFLnage00_n
764	Esc_Co_IFLnage11_n
776	sDm_Inkdow2C
778	sDm_ILnkdow2C
2376	sDm_WALL_kao00
1929	Ni_crstDw
788	sDm_Inkdow2C2
790	sDm_ILnkdow2C2
2373	wDm_KaoB_00B
825	Co_Dummy_01
826	Co_Dummy_02
827	Co_Dummy_03
828	Co_Dummy_04
829	Co_Dummy_05
830	Co_Dummy_06
831	Co_Dummy_07
832	Co_Dummy_08
833	Co_Dummy_09
834	Co_Dummy_10
835	Co_Dummy_11
836	Co_Dummy_12
837	Co_Dummy_13
838	Co_Dummy_14
839	Co_Dummy_15
840	Co_Dummy_16
841	Co_Dummy_17
842	Co_Dummy_18
843	Co_Dummy_19
844	Co_Dummy_20
845	Co_Dummy_21
846	Co_Dummy_22
847	Co_Dummy_23
848	Co_Dummy_24
849	Co_Dummy_25
850	Co_Dummy_26
851	Co_Dummy_27
852	Co_Dummy_28
853	Co_Dummy_29
854	Co_Dummy_30
855	Co_Dummy_31
856	Co_Dummy_32
857	Co_Dummy_33
858	Co_Dummy_34
859	Co_Dummy_35
860	Co_Dummy_36
861	Co_Dummy_37
862	Co_Dummy_38
863	Co_Dummy_39
864	Co_Dummy_40
865	Co_Dummy_41
866	Co_Dummy_42
867	Co_Dummy_43
868	Co_Dummy_44
869	Co_Dummy_45
870	Co_Dummy_46
871	Co_Dummy_47
872	Co_Dummy_48
873	Co_Dummy_49
874	Co_Dummy_50
875	Co_Dummy_51
876	Co_Dummy_52
877	Co_Dummy_53
878	Co_Dummy_54
879	Co_Dummy_55
880	Co_Dummy_56
882	Co_Dummy_58
883	Co_Dummy_59
884	Co_Dummy_60
885	Co_Dummy_61
886	Co_Dummy_62
887	Co_Dummy_63
888	Co_Dummy_64
889	Co_Dummy_65
890	Co_Dummy_66
891	Co_Dummy_67
892	Co_Dummy_68
893	Co_Dummy_69
894	Co_Dummy_70
895	Co_Dummy_71
896	Co_Dummy_72
897	Co_Dummy_73
898	Co_Dummy_74
899	Co_Dummy_75
900	Co_Dummy_76
901	Co_Dummy_77
902	Co_Dummy_78
903	Co_Dummy_79
904	Co_Dummy_80
905	Co_Dummy_81
906	Co_Dummy_82
907	Co_Dummy_83
908	Co_Dummy_84
909	Co_Dummy_85
910	Co_Dummy_86
911	Co_Dummy_87
912	Co_Dummy_88
913	Co_Dummy_89
914	Co_Dummy_90
915	Co_Dummy_91
916	Co_Dummy_92
917	Co_Dummy_93
918	Co_Dummy_94
919	Co_Dummy_95
920	Co_Dummy_96
921	Co_Dummy_97
922	Co_Dummy_98
923	Co_Dummy_99
924	Co_Dummy_100
925	Co_Dummy_101
926	Co_Dummy_102
927	Co_Dummy_103
928	Co_Dummy_104
929	Co_Dummy_105
930	Co_Dummy_106
931	Co_Dummy_107
932	Co_Dummy_108
933	Co_Dummy_109
934	Co_Dummy_110
935	Co_Dummy_111
936	Co_Dummy_112
937	Co_Dummy_113
938	Co_Dummy_114
939	Co_Dummy_115
940	Co_Dummy_116
941	Co_Dummy_117
942	Co_Dummy_118
943	Co_Dummy_119
944	Co_Dummy_120
945	Co_Dummy_121
946	Co_Dummy_122
947	Co_Dummy_123
948	Co_Dummy_124
949	Co_Dummy_125
950	Co_Dummy_126
951	Co_Dummy_127
952	Co_Dummy_128
953	Co_Dummy_129
954	Co_Dummy_130
955	Co_Dummy_131
956	Co_Dummy_132
957	Co_Dummy_133
958	Co_Dummy_134
959	Co_Dummy_135
960	Co_Dummy_136
961	Co_Dummy_137
962	Co_Dummy_138
963	Co_Dummy_139
964	Co_Dummy_140
965	Co_Dummy_141
966	Co_Dummy_142
967	Co_Dummy_143
968	Co_Dummy_144
969	Co_Dummy_145
970	Co_Dummy_146
971	Co_Dummy_147
972	Co_Dummy_148
973	Co_Dummy_149
974	Co_Dummy_150
975	Co_Dummy_151
976	Co_Dummy_152
977	Co_Dummy_153
978	Co_Dummy_154
979	Co_Dummy_155
980	Co_Dummy_156
981	Co_Dummy_157
982	Co_Dummy_158
983	Co_Dummy_159
984	Co_Dummy_160
985	Co_Dummy_161
986	Co_Dummy_162
987	Co_Dummy_163
988	Co_Dummy_164
989	Co_Dummy_165
990	Co_Dummy_166
991	Co_Dummy_167
992	Co_Dummy_168
993	Co_Dummy_169
994	Co_Dummy_170
995	Co_Dummy_171
996	Co_Dummy_172
997	Co_Dummy_173
998	Co_Dummy_174
999	Co_Dummy_175
1000	Co_Dummy_176
1001	Co_Dummy_177
1002	Co_Dummy_178
1003	Co_Dummy_179
1004	Co_Dummy_180
1005	Co_Dummy_181
1006	Co_Dummy_182
1007	Co_Dummy_183
1008	Co_Dummy_184
1009	Co_Dummy_185
1010	Co_Dummy_186
1011	Co_Dummy_187
1012	Co_Dummy_188
1013	Co_Dummy_189
1014	Co_Dummy_190
1015	Co_Dummy_191
1016	Co_Dummy_192
1017	Co_Dummy_193
1018	Co_Dummy_194
1019	Co_Dummy_195
1020	Co_Dummy_196
1021	Co_Dummy_197
1022	Co_Dummy_198
1023	Co_Dummy_199
1024	Co_Dummy_200
1025	Co_Dummy_201
1026	Co_Dummy_202
1027	Co_Dummy_203
1028	Co_Dummy_204
1029	Co_Dummy_205
1030	Co_Dummy_206
1031	Co_Dummy_207
1032	Co_Dummy_208
1033	Co_Dummy_209
1034	Co_Dummy_210
1035	Co_Dummy_211
1036	Co_Dummy_212
1037	Co_Dummy_213
1038	Co_Dummy_214
1039	Co_Dummy_215
1040	Co_Dummy_216
1041	Co_Dummy_217
1042	Co_Dummy_218
1043	Co_Dummy_219
1044	Co_Dummy_220
1045	Co_Dummy_221
1046	Co_Dummy_222
1047	Co_Dummy_223
1048	Co_Dummy_224
1049	Co_Dummy_225
1050	Co_Dummy_226
1051	Co_Dummy_227
1052	Co_Dummy_228
1053	Co_Dummy_229
1054	Co_Dummy_230
1055	Co_Dummy_231
1056	Co_Dummy_232
1057	Co_Dummy_233
1058	Co_Dummy_234
1059	Co_Dummy_235
1060	Co_Dummy_236
1061	Co_Dummy_237
1062	Co_Dummy_238
1063	Co_Dummy_239
1064	Co_Dummy_240
1065	Co_Dummy_241
1066	Co_Dummy_242
1067	Co_Dummy_243
1068	Co_Dummy_244
1069	Co_Dummy_245
1070	Co_Dummy_246
1071	Co_Dummy_247
1072	Co_Dummy_248
1073	Co_Dummy_249
1074	Co_Dummy_250
1075	Co_Dummy_251
1076	Co_Dummy_252
1077	Co_Dummy_253
1078	Co_Dummy_254
1079	Co_Dummy_255
1080	Co_Dummy_256
1081	Co_Dummy_257
1082	Co_Dummy_258
1083	Co_Dummy_259
1084	Co_Dummy_260
1085	Co_Dummy_261
1086	Co_Dummy_262
1087	Co_Dummy_263
1088	Co_Dummy_264
1089	Co_Dummy_265
1090	Co_Dummy_266
1091	Co_Dummy_267
1092	Co_Dummy_268
1093	Co_Dummy_269
1094	Co_Dummy_270
1095	Co_Dummy_271
1096	Co_Dummy_272
1097	Co_Dummy_273
1098	Co_Dummy_274
1099	Co_Dummy_275
1100	Co_Dummy_276
1101	Co_Dummy_277
1102	Co_Dummy_278
1103	Co_Dummy_279
1104	Co_Dummy_280
1105	Co_Dummy_281
1106	Co_Dummy_282
1107	Co_Dummy_283
1108	Co_Dummy_284
1109	Co_Dummy_285
1110	Co_Dummy_286
1111	Co_Dummy_287
1112	Co_Dummy_288
1113	Co_Dummy_289
1114	Co_Dummy_290
1115	Co_Dummy_291
1116	Co_Dummy_292
1117	Co_Dummy_293
1118	Co_Dummy_294
1119	Co_Dummy_295
1120	Co_Dummy_296
1121	Co_Dummy_297
1122	Co_Dummy_298
1123	Co_Dummy_299
1124	Co_Dummy_300
1125	Co_Dummy_301
1126	Co_Dummy_302
1127	Co_Dummy_303
1128	Co_Dummy_304
1129	Co_Dummy_305
1130	Co_Dummy_306
1131	Co_Dummy_307
1132	Co_Dummy_308
1133	Co_Dummy_309
1134	Co_Dummy_310
1135	Co_Dummy_311
1136	Co_Dummy_312
1137	Co_Dummy_313
1138	Co_Dummy_314
1139	Co_Dummy_315
1140	Co_Dummy_316
1141	Co_Dummy_317
1142	Co_Dummy_318
1143	Co_Dummy_319
1144	Co_Dummy_320
1145	Co_Dummy_321
1146	Co_Dummy_322
1147	Co_Dummy_323
1148	Co_Dummy_324
1149	Co_Dummy_325
1150	Co_Dummy_326
1151	Co_Dummy_327
1152	Co_Dummy_328
1153	Co_Dummy_329
1154	Co_Dummy_330
1155	Co_Dummy_331
1156	Co_Dummy_332
1157	Co_Dummy_333
1158	Co_Dummy_334
1159	Co_Dummy_335
1160	Co_Dummy_336
1161	Co_Dummy_337
1162	Co_Dummy_338
1163	Co_Dummy_339
1164	Co_Dummy_340
1165	Co_Dummy_341
1166	Co_Dummy_342
1167	Co_Dummy_343
1168	Co_Dummy_344
1169	Co_Dummy_345
1170	Co_Dummy_346
1171	Co_Dummy_347
1172	Co_Dummy_348
1173	Co_Dummy_349
1174	Co_Dummy_350
1175	Co_Dummy_351
1176	Co_Dummy_352
1177	Co_Dummy_353
1178	Co_Dummy_354
1179	Co_Dummy_355
1180	Co_Dummy_356
1181	Co_Dummy_357
1182	Co_Dummy_358
1183	Co_Dummy_359
1184	Co_Dummy_360
1185	Co_Dummy_361
1186	Co_Dummy_362
1187	Co_Dummy_363
1188	Co_Dummy_364
1189	Co_Dummy_365
1190	Co_Dummy_366
1191	Co_Dummy_367
1192	Co_Dummy_368
1193	Co_Dummy_369
1194	Co_Dummy_370
1195	Co_Dummy_371
1196	Co_Dummy_372
1197	Co_Dummy_373
1198	Co_Dummy_374
1199	Co_Dummy_375
1200	Co_Dummy_376
1201	Co_Dummy_377
1202	Co_Dummy_378
1203	Co_Dummy_379
1204	Co_Dummy_380
1205	Co_Dummy_381
1206	Co_Dummy_382
1207	Co_Dummy_383
1208	Co_Dummy_384
1209	Co_Dummy_385
1210	Co_Dummy_386
1211	Co_Dummy_387
1212	Co_Dummy_388
1213	Co_Dummy_389
1214	Co_Dummy_390
1215	Co_Dummy_391
1216	Co_Dummy_392
1217	Co_Dummy_393
1218	Co_Dummy_394
1219	Co_Dummy_395
1220	Co_Dummy_396
1221	Co_Dummy_397
1222	Co_Dummy_398
1223	Co_Dummy_399
1224	Co_Dummy_400
1225	Co_Dummy_401
1226	Co_Dummy_402
1227	Co_Dummy_403
1228	Co_Dummy_404
1229	Co_Dummy_405
1230	Co_Dummy_406
1231	Co_Dummy_407
1232	Co_Dummy_408
1233	Co_Dummy_409
1234	Co_Dummy_410
1235	Co_Dummy_411
1236	Co_Dummy_412
1237	Co_Dummy_413
1238	Co_Dummy_414
1239	Co_Dummy_415
1241	Co_Dummy_417
1242	Co_Dummy_418
1243	Co_Dummy_419
1244	Co_Dummy_420
1245	Co_Dummy_421
1246	Co_Dummy_422
1247	Co_Dummy_423
1248	Co_Dummy_424
1249	Co_Dummy_425
1250	Co_Dummy_426
1251	Co_Dummy_427
1252	Co_Dummy_428
1253	Co_Dummy_429
1254	Co_Dummy_430
1255	Co_Dummy_431
1256	Co_Dummy_432
1257	Co_Dummy_433
1258	Co_Dummy_434
1259	Co_Dummy_435
1260	Co_Dummy_436
1261	Co_Dummy_437
1262	Co_Dummy_438
1263	Co_Dummy_439
1264	Co_Dummy_440
1265	Co_Dummy_441
1266	Co_Dummy_442
1267	Co_Dummy_443
1268	Co_Dummy_444
1269	Co_Dummy_445
1270	Co_Dummy_446
1271	Co_Dummy_447
1272	Co_Dummy_448
1273	Co_Dummy_449
1274	Co_Dummy_450
1275	Co_Dummy_451
1276	Co_Dummy_452
1277	Co_Dummy_453
1278	Co_Dummy_454
1279	Co_Dummy_455
1280	Co_Dummy_456
1281	Co_Dummy_457
1282	Co_Dummy_458
1283	Co_Dummy_459
1284	Co_Dummy_460
1285	Co_Dummy_461
1286	Co_Dummy_462
1287	Co_Dummy_463
1288	Co_Dummy_464
1289	Co_Dummy_465
1290	Co_Dummy_466
1291	Co_Dummy_467
1292	Co_Dummy_468
1293	Co_Dummy_469
1294	Co_Dummy_470
1295	Co_Dummy_471
1296	Co_Dummy_472
1297	Co_Dummy_473
1298	Co_Dummy_474
1299	Co_Dummy_475
1300	Co_Dummy_476
1301	Co_Dummy_477
1302	Co_Dummy_478
1303	Co_Dummy_479
1304	Co_Dummy_480
1305	Co_Dummy_481
1306	Co_Dummy_482
1307	Co_Dummy_483
1308	Co_Dummy_484
1309	Co_Dummy_485
1310	Co_Dummy_486
1311	Co_Dummy_487
1312	Co_Dummy_488
1313	Co_Dummy_489
1314	Co_Dummy_490
1315	Co_Dummy_491
1316	Co_Dummy_492
1317	Co_Dummy_493
1319	Co_Dummy_495
1320	Co_Dummy_496
1321	Co_Dummy_497
1322	Co_Dummy_498
1323	Co_Dummy_499
1324	Co_Dummy_500
1325	Co_Dummy_501
1326	Co_Dummy_502
1327	Co_Dummy_503
1328	Co_Dummy_504
1329	Co_Dummy_505
1330	Co_Dummy_506
1331	Co_Dummy_507
1332	Co_Dummy_508
1333	Co_Dummy_509
1334	Co_Dummy_510
1335	Co_Dummy_511
1336	Co_Dummy_512
1337	Co_Dummy_513
1338	Co_Dummy_514
1339	Co_Dummy_515
1340	Co_Dummy_516
1341	Co_Dummy_517
1342	Co_Dummy_518
1343	Co_Dummy_519
1344	Co_Dummy_520
1345	Co_Dummy_521
1346	Co_Dummy_522
1347	Co_Dummy_523
1348	Co_Dummy_524
1349	Co_Dummy_525
1350	Co_Dummy_526
1351	Co_Dummy_527
1353	Co_Dummy_529
1354	Co_Dummy_530
1355	Co_Dummy_531
1356	Co_Dummy_532
1357	Co_Dummy_533
1358	Co_Dummy_534
1359	Co_Dummy_535
1360	Co_Dummy_536
1361	Co_Dummy_537
1362	Co_Dummy_538
1363	Co_Dummy_539
1364	Co_Dummy_540
1365	Co_Dummy_541
1366	Co_Dummy_542
1367	Co_Dummy_543
1368	Co_Dummy_544
1369	Co_Dummy_545
1370	Co_Dummy_546
1371	Co_Dummy_547
1372	Co_Dummy_548
1374	Co_Dummy_550
1375	Co_Dummy_551
1376	Co_Dummy_552
1377	Co_Dummy_553
1378	Co_Dummy_554
1379	Co_Dummy_555
1380	Co_Dummy_556
1381	Co_Dummy_557
1382	Co_Dummy_558
1383	Co_Dummy_559
1384	Co_Dummy_560
1385	Co_Dummy_561
1386	Co_Dummy_562
1387	Co_Dummy_563
1388	Co_Dummy_564
1389	Co_Dummy_565
1390	Co_Dummy_566
1391	Co_Dummy_567
1392	Co_Dummy_568
1393	Co_Dummy_569
1395	Co_Dummy_571
1396	Co_Dummy_572
1397	Co_Dummy_573
1398	Co_Dummy_574
1399	Co_Dummy_575
1400	Co_Dummy_576
1401	Co_Dummy_577
1402	Co_Dummy_578
1403	Co_Dummy_579
1404	Co_Dummy_580
1405	Co_Dummy_581
1406	Co_Dummy_582
1407	Co_Dummy_583
1408	Co_Dummy_584
1409	Co_Dummy_585
1410	Co_Dummy_586
1411	Co_Dummy_587
1413	Co_Dummy_589
1414	Co_Dummy_590
1415	Co_Dummy_591
1416	Co_Dummy_592
1417	Co_Dummy_593
1418	Co_Dummy_594
1419	Co_Dummy_595
1420	Co_Dummy_596
1421	Co_Dummy_597
1422	Co_Dummy_598
1423	Co_Dummy_599
1424	Co_Dummy_600
1425	Co_Dummy_601
1427	Co_Dummy_603
1428	Co_Dummy_604
1429	Co_Dummy_605
1430	Co_Dummy_606
1432	Co_Dummy_608
1433	Co_Dummy_609
1434	Co_Dummy_610
1435	Co_Dummy_611
1436	Co_Dummy_612
1437	Co_Dummy_614
1438	Co_Dummy_615
1439	Co_Dummy_616
1440	Co_Dummy_617
1441	Co_Dummy_618
1442	Co_Dummy_619
1443	Co_Dummy_620
1444	Co_Dummy_621
1445	Co_Dummy_622
1446	Co_Dummy_623
1447	Co_Dummy_624
1448	Co_Dummy_625
824	Co_Dummy_00
1754	Thrmv_B1_01
1758	Thrmv_B1_L0
1759	Thrmv_B1_R0
1697	Va_spup00
1699	Va_bhlow
1755	Thrmv_B2_00
1587	Va_jtac00
1588	Va_RDtac00
1625	Va_hrp00
1453	Va_sDASHF
1460	sSTEP_00B
1458	sDASH_00B
1450	sWALK_00F
1451	sWALK_00FMv
1452	sWALK_00FLp
1615	Va_66LK00
1605	Va_rhiji00
1620	Va_rollrk00
46	sRUN__00F
1454	Va_sDASHFLp
1753	Thrmv_B1_00
1456	sWALK_00BMv
1457	sWALK_00BLp
480	wDASH_rkB
1459	sDASH_00BLp
1461	sSTEP_00BLp
1472	cWALK_10BL
1473	cWALK_10BR
1471	cWALK_00B
1469	Va_cWALKF
1466	cYOKE_00_
1467	cYOKE_00F
1468	cYOKE_00B
1486	cr2st_00B
1485	cr2st_00_
1490	Va_cr2st00F
222	Co_sabaloLPn
226	Ni_sabaDS1n
218	Co_sabaloRKn
220	Co_sabaloLKn
224	Co_sabaloRPn
1470	Va_cWALKFLp
1560	Co_sjplp01F
1561	Co_sjplp02F
1562	Co_sjplp03F
1563	Co_sjprp03F
1564	Co_sjplk03D
1565	Va_sjplk01F
1566	Va_sjplk02F
1567	Va_sjplk03F
1570	Co_sjprk03F
1568	Co_sjprk01F
1569	Co_sjprk02F
1638	Co_R_crp00L
1639	Co_R_clp00R
1579	Co_R_rp00L
1580	Co_R_lp00R
1693	Co_s_tlp00
1689	Va_s_tlp00
1692	Va_s_trp00
1635	Co_syalp00
1649	Va_s_trpF
1650	Co_syalkF
1651	Va_syarkF
1637	Co_syarp00
1479	st2cr_00B
1483	Va_st2cr00_
1478	st2cr_00F
1482	st2cr_00BRv
1481	st2cr_00FRv
1484	Va_st2cr00B
1489	cr2st_00BRv
1488	cr2st_00FRv
1487	cr2st_00_Rv
1497	sUp_SIT00R
1496	sUp_SIT00_
1495	Mco_Rrolls
1494	Mco_Lrolls
1493	Mco_Backs
1492	Mco_Fronts
1491	sDw_SIT00_
1503	Va_mongo00_GM
1502	Va_mongo00_H
1606	Va_double
1710	Va_4wp_awKam00
1523	Co_jprp03H
1542	Va_jprk002
1543	Va_jprk00F2
1544	Va_jprk00B2
1706	Va_rp_awKam00
1572	Va_rprhi00
1573	Va_rplk00
1574	Va_lkHead2
1576	Va_rpst00
1738	SPVaA_02
1577	Va_rpst00_H
1586	Va_lpfsrp00
1571	Va_lprp00
2126	Mt_RDLspearH
2128	Mt_RDRspearH
2132	Mt_NrBspearH
1591	Mt_RagespearH
1595	Mt_RagetcLH
1597	Mt_RagetcRH
1599	Mt_RagetcBH
1593	Mt_RagetcH
1590	Va_RDtac02
1589	Va_RDtac01
2156	Mt_KamF_01
2157	Mt_KamF_01_y
1603	Va_Binlp01
1602	Va_Binlp00
1604	Va_Binlpup
1607	Va_double01
1608	Va_double02
1610	Va_doubleSP_Armor
1612	Va_lk00FR
1613	Va_lkrp00
1614	Va_lkrp00gm
1616	Va_66LKRP
1617	Va_66LKRPMG
1619	Va_rk00F
1709	Va_tac_awKam00
1623	Va_ttlprp
2295	Va_RageArts00
2117	Va_hrpspear
1626	Va_hrp00_E
1634	Va_WK00B_H
1636	Co_Span_stand
1645	Va_nejihd_n
1647	wDm_Va_loop_00
1648	wDm_Ni_loop_01
1654	Va_Hiza00
1656	Va_st00_H
1724	Va_aw_stepB
1660	Va_t_slpFgm
1662	Va_fsrplp
1663	Va_fsrplpGM
1670	Va_lkHead
1668	Va_lkup00
1666	Va_lklp00
1667	Va_lklprp00
1669	Va_3lk3lprp
1672	Va_Rkfswing
1677	Va_bhand
1679	Va_kneelkrk
1678	Va_bhandlp
1711	Va_BH_awKam00
1680	Va_1LkRkSpear
1715	Va_awKAM_L
1719	Va_awKAM_R
2134	Mt_NrLspearH
2136	Mt_NrRspearH
2130	Mt_NrFspearH
1681	Va_1LkRkSpear01
2122	Mt_LspearH
2124	Mt_RspearH
2120	Mt_FspearH
1682	Va_1LkRkSpear02
1688	Va_stomp00
1686	Va_kani_ff_n
1684	Va_kani00M
1685	Va_dwDWN_kani
1690	Va_LpBinta
1707	Va_stlp_awKam00
1698	Va_spuprp
1700	Va_bhlow_n
1708	Va_Fur_awKam00
1704	Va_wp00
1751	ThrmvLB2_01
1752	ThrmvRB2_01
1731	Va_scissors
2114	Va_spear
1726	Va_awtac
1729	Va_sprp
1712	Va_awKAM_2st
1644	Va_neji00
1725	Va_aw_tlp00
1713	Va_awKAM_
1714	Va_awKAM_g
1716	Va_awKAM_L_LN
1717	Va_awKAM_L_RN
3267	3267
1718	Va_awKAM_L_SPRP
3379	3379
3471	3471
3490	3490
1720	Va_awKAM_R_LN
1721	Va_awKAM_R_RN
1722	Va_awKAM_R_SPRP
1727	Va_awtacRP
1728	Va_awtacRK
1730	Va_sprp_Armor
1733	Va_scissors2G
1732	Va_scissors2
1735	Va_dw00Drp_n
1739	SPVaA_03
1740	SPVaA_04
1741	SPVaA_05
1742	SPVaA_06
1743	SPVaB_07
1744	SPVaB_08
1745	SPVaB_09
1746	SPVaB_10
2014	Va_FLnage_n
2112	Va_AirWallF_n
2110	Va_AirAoF3_n
2028	Va_BRnage_n
2018	Va_FRnage_n
2105	Va_AirAoF_n
2050	Va_choke_n
2052	Va_hibody_n
2042	Va_Breaker_n
2044	Va_Jh_n
2030	Va_ttk_n
2108	Va_AirAoF2_n
2034	Va_nozan_n
2038	Va_powersl_n
2046	Va_PwbomL_n
2048	Va_HizaR_n
2078	Va_DWutL_Ln
2082	Va_DWutR_Ln
2066	Va_DWutF_Ln
2062	Va_DWUfoo_Ln
2070	Va_DWaoL_Ln
2074	Va_DWaoR_Ln
2058	Va_DWaoB_Ln
2054	Va_DWaoF_Ln
2080	Va_DWutL_Rn
2084	Va_DWutR_Rn
2068	Va_DWutF_Rn
2064	Va_DWUfoo_Rn
2072	Va_DWaoL_Rn
2076	Va_DWaoR_Rn
2060	Va_DWaoB_Rn
2056	Va_DWaoF_Rn
1795	sGrd_01pu31_NH
1820	Va_Ate_move_1
2282	Va_ateMt_lp_n
2284	Va_ateMt_rp_n
2286	Va_ateMt_lk_n
2288	Va_ateMt_rk_n
1821	Va_Ate_move_E
300	sGrd_hara_J
1901	dm_hara_002
1903	dm_hara_002L
1905	dm_hara_002R
1907	dm_hara_07E
1930	Ni_crstDwL
1931	Ni_crstDwR
1928	Ni_crstY
2016	Va_FLnageESC_n
2020	Va_FRnageESC_n
360	dDm_death02
234	SideEscL_n
359	dDm_death01
236	SideEscR_n
2032	Esc_Va_ttk_n
2036	Va_nozanMt_n
230	nuke30_n
2040	Va_powerslMt_n
232	nuke36_n
364	dDm_death01D
2086	Va_DWEsc_n
2088	Va_DWaEsc_n
2099	Va_DWUfESC_n
2091	Va_DWUhESC_n
2101	Va_DWLsESC_n
2103	Va_DWRsESC_n
2094	Va_DWULsESC_n
2097	Va_DWURsESC_n
2090	Va_DWaEsc_y2
2093	Va_DWUhESC_y2
2096	Va_DWULsESC_y2
2107	wDm_Va_gsw_00
2339	wDm_AirF_00E
2115	Va_spear01
2116	Va_spear02
2118	Va_hrpspear01
2119	Va_hrpspear02
2148	Mt_SpearFEsc3_n
2146	Mt_SpearFEsc2_n
2144	Mt_SpearFEsc_n
2150	Mt_SpearLEsc_n
2152	Mt_SpearREsc_n
2142	Mt_NrSpearFEsc3_n
2140	Mt_NrSpearFEsc2_n
2138	Mt_NrSpearFEsc_n
2278	Mt_KamF_Exit
2170	Mt_LRP00
2173	Mt_LRK00
2163	Mt_LPK00
2168	Mt_RPK00
2160	Mt_LP00
2165	Mt_RP00
2159	Mt_R_Guard
2158	Mt_L_Guard
2210	Mt_01F_L_ESC_n
2166	Mt_RP00_fake
2162	Mt_LP00H
2188	Mt_KamF_02
2176	Mt_LP00_n
2212	Mt_01F_LPK_ESC_n
2164	Mt_LPK00H
2178	Mt_LPK00_n
2214	Mt_01F_R_ESC_n
2161	Mt_LP00_fake
2167	Mt_RP00H
2180	Mt_RP00_n
2216	Mt_01F_RPK_ESC_n
2169	Mt_RPK00H
2182	Mt_RPK00_n
2172	Mt_LRP00G
2171	Mt_LRP00H
2184	Mt_LRP00_n
2175	Mt_LRK00G
2174	Mt_LRK00H
2186	Mt_LRK00_n
2191	Mt_lpAte02
2192	Mt_rpAte02
2189	Mt_lp02
2190	Mt_rp02
2193	Mt_KamF_03
2218	Mt_01F_L_Ate_n
2220	Mt_01F_R_Ate_n
2196	Mt_lpAte03
2197	Mt_rpAte03
2194	Mt_lp03
2195	Mt_rp03
2198	Mt_KamF_04
2199	Mt_lp04
2201	Mt_rp04
2202	Mt_rp04_fake
2204	Mt_lp05
2203	Mt_KamF_05
2200	Mt_lp04_fake
2205	Mt_rp05
2222	Mt_05F_L_n
2224	Mt_05F_R_n
2226	Mt_05FR_Rv_n
2228	Mt_05FR_RvRv_n
2230	Mt_05FR_Rv3_n
2232	Mt_05FR_Rv4_n
2238	Mt_lpBAte01
2239	Mt_rpBAte01
2236	Mt_lpB01
2237	Mt_rpB01
2280	Mt_KamB_Exit
2234	Mt_KamB_01
2261	Mt_01B_R_AtG
2260	Mt_01B_L_AtG
2259	Mt_01B_R_G
2258	Mt_01B_L_G
2235	Mt_KamB_01_y
2266	Mt_01B_L_ESC_n
2240	Mt_KamB_02
2268	Mt_01B_R_ESC_n
2270	Mt_01B_L_Ate_n
2272	Mt_01B_R_Ate_n
2243	Mt_lpBAte02
2244	Mt_rpBAte02
2241	Mt_lpB02
2242	Mt_rpB02
2245	Mt_KamB_03
2248	Mt_lpBAte03
2249	Mt_rpBAte03
2246	Mt_lpB03
2247	Mt_rpB03
2250	Mt_KamB_04
2251	Mt_lpB04
2253	Mt_rpB04
2254	Mt_rpB04_fake
2256	Mt_lpB05
2255	Mt_KamB_05
2252	Mt_lpB04_fake
2257	Mt_rpB05
2274	Mt_05B_L_n
2276	Mt_05B_R_n
2293	lose02Lp
2296	Va_RageArts01
2297	Va_RageArts02
2298	Va_RageArts_nRv
2299	Va_RageArts_nRv2
2300	Va_RageArts_nRv3
2301	Va_RageArts_n
2378	va_s01
2382	va_w01
2377	va_s00
2381	va_w00
653	Story_CmnPostBtlRt_7CS
650	Co_ChgInStd_7CS
651	Co_ChgInJmp_7CS
2383	va_w02
472	Male_Cnt_M1
476	Male_Cnt_S4
474	Male_Cnt_S1
478	Co_TimeCnt_1
366	vra_1p_m1_01
419	vra_2p_m1_01
2379	va_s02
2380	va_s03
1578	Va_push00
1702	Va_FurRp00
1703	Va_sidrk
55	sJUMP_00F
2309	sWALK_00L
2308	sWALK_21L
2307	sSTEP_21L
2322	sWALK_02L
2306	sSTEP_01L
2310	sWALK_51L
2311	sWALK_01L
2315	sWALK_00R
2314	sWALK_21R
2313	sSTEP_21R
2323	sWALK_02R
2312	sSTEP_01R
2316	sWALK_51R
2317	sWALK_01R
2319	sSIDEL_Rv2Wk2
2321	sSIDER_Rv2Wk2
771	sDm_Aa_kaitenL
32781	32781
32782	32782
2336	sSIDER00Rv
2334	sSIDEL00Rv
2330	cTRN_L00F
2331	cTRN_R00F
2332	cTRN_L00B
2333	cTRN_R00B
2318	sSIDEL_Rv2Wk
2335	sSIDEL01Rv
2320	sSIDER_Rv2Wk
2337	sSIDER01Rv
349	Co_PtnUkeL
347	Co_PtnUkeR
2342	wDm_AirB_00E
2344	wDm_AirL_00E
2346	wDm_AirR_00E
2352	wDm_GndF_00E
2354	wDm_GndF_UpE
2356	wDm_GndB_01
2358	wDm_GndL_01
2360	wDm_GndR_01
2374	wDm_KaoB_00BL
2375	wDm_KaoB_00BR
355	fatal_s
2292	PAUL_MK
1819	Va_Ate_move_0
751	ThrmvBB2_L0i
1756	ThrmvBB2_L0
1757	ThrmvBB2_R0
1762	ThrmvDWN_00
1763	ThrmvDWN_01
1760	ThrmvLOW_00
1761	ThrmvLOW_01
750	ThrmvLB2_00Fi
1748	ThrmvLB2_00F
1750	ThrmvRB2_00F
749	ThrmvLB2_00i
1747	ThrmvLB2_00
1749	ThrmvRB2_00
63	sJUMPrrp03F_
64	Co_jpRlk00F_
65	Co_jpRrk00F_
60	sJUMPrrp03B_
61	Co_jpRlk00B_
62	Co_jpRrk00B_
57	sJUMPr00H_
58	Co_jpRlk00_
59	Co_jpRrk00_
1664	Va_Head
1723	Va_aw_stepF
1675	Va_t_sPuAB
1659	Va_t_slpF
1661	Va_t_srpF
1665	Va_t_slkF
1673	Co_t_slp00
1674	Va_t_srp00B
1676	Va_t_slk00B
1683	Va_kani00
1652	Va_t_slp00
1653	Va_t_srp00
1657	Va_t_slk00
1658	Va_t_srk
1585	Va_lp00F
1601	Va_Binta00
1611	Va_lk00F
1624	Va_rp00B
1627	Va_lk00B
1632	Va_rk00B
1575	Va_rp00
1581	Va_lk00
1582	Va_rk00
54	sJUMP_0E_
1476	sJUMPr00F
1477	sJUMPr00B
1475	sJUMPr00_
554	GhostDummy
659	Mo_SUPER_0
2294	Va_SUPER_0
